{"interfaceLanguages":{"swift":[{"children":[{"title":"Classes","type":"groupMarker"},{"children":[{"title":"Initializers","type":"groupMarker"},{"path":"\/documentation\/cameraeditordomain\/environment\/init(mainqueue:)","title":"init(mainQueue: AnySchedulerOf<DispatchQueue>)","type":"init"}],"path":"\/documentation\/cameraeditordomain\/environment","title":"Environment","type":"class"},{"title":"Structures","type":"groupMarker"},{"children":[{"title":"Initializers","type":"groupMarker"},{"path":"\/documentation\/cameraeditordomain\/state\/init(image:)","title":"init(image: CLDocImage)","type":"init"},{"title":"Instance Properties","type":"groupMarker"},{"path":"\/documentation\/cameraeditordomain\/state\/image","title":"var image: CLDocImage","type":"property"},{"title":"Default Implementations","type":"groupMarker"},{"children":[{"title":"Operators","type":"groupMarker"},{"path":"\/documentation\/cameraeditordomain\/state\/!=(_:_:)","title":"static func != (Self, Self) -> Bool","type":"op"}],"path":"\/documentation\/cameraeditordomain\/state\/equatable-implementations","title":"Equatable Implementations","type":"symbol"}],"path":"\/documentation\/cameraeditordomain\/state","title":"State","type":"struct"},{"title":"Variables","type":"groupMarker"},{"path":"\/documentation\/cameraeditordomain\/reducer-swift.var","title":"let reducer: AnyReducer<State, Action, Environment>","type":"var"},{"title":"Type Aliases","type":"groupMarker"},{"path":"\/documentation\/cameraeditordomain\/reducer-swift.typealias","title":"Reducer","type":"typealias"},{"title":"Enumerations","type":"groupMarker"},{"children":[{"title":"Enumeration Cases","type":"groupMarker"},{"path":"\/documentation\/cameraeditordomain\/action\/donebuttontapped","title":"case doneButtonTapped","type":"case"},{"path":"\/documentation\/cameraeditordomain\/action\/movecorner(uuid:corner:topoint:)","title":"case moveCorner(uuid: UUID, corner: Corner, toPoint: CGPoint)","type":"case"},{"path":"\/documentation\/cameraeditordomain\/action\/none","title":"case none","type":"case"},{"path":"\/documentation\/cameraeditordomain\/action\/removebuttontapped","title":"case removeButtonTapped","type":"case"},{"path":"\/documentation\/cameraeditordomain\/action\/setimage(_:)","title":"case setImage(CLDocImage)","type":"case"},{"title":"Default Implementations","type":"groupMarker"},{"children":[{"title":"Operators","type":"groupMarker"},{"path":"\/documentation\/cameraeditordomain\/action\/!=(_:_:)","title":"static func != (Self, Self) -> Bool","type":"op"}],"path":"\/documentation\/cameraeditordomain\/action\/equatable-implementations","title":"Equatable Implementations","type":"symbol"}],"path":"\/documentation\/cameraeditordomain\/action","title":"Action","type":"enum"}],"path":"\/documentation\/cameraeditordomain","title":"CameraEditorDomain","type":"module"}]},"schemaVersion":{"major":0,"minor":1,"patch":0}}